{
  "method": "rk2_midpoint",
  "cases": [
    {
      "rhs": "exp_growth",
      "y0": 1.0,
      "t0": 0.0,
      "h": 0.1,
      "n_steps": 8,
      "expected": [
        1.0,
        1.105,
        1.221025,
        1.349232625,
        1.490902050625,
        1.647446765940625,
        1.8204286763643905,
        2.011573687382652,
        2.2227889245578304
      ]
    },
    {
      "rhs": "damped_forced",
      "y0": 0.5,
      "t0": 0.0,
      "h": 0.05,
      "n_steps": 10,
      "expected": [
        0.5,
        0.45375,
        0.41426875,
        0.38091321875,
        0.35310146296875,
        0.33030682398671874,
        0.31205267570798046,
        0.29790767151572245,
        0.287481442721729,
        0.28042070566316396,
        0.2764057386251642
      ]
    }
  ]
}
